method,N,dt_obs,seed,mean_forecast_rmse,mean_analysis_rmse,median_analysis_rmse,analysis_improvement,r_mae,r_corr,innovation_mean,innovation_variance
fixed,40,0.1,1,1.6402112365897434,1.5281603708350862,0.8768434448035755,0.11205086575465728,0.4277373431108981,,0.06629915502093847,5.702490193648373
adaptive,40,0.1,1,1.0685609242456295,0.955663637204071,0.5542867401457852,0.11289728704155855,0.3414917855804388,0.5507329533874428,0.05238740310801491,2.9029996891420136
oracle,40,0.1,1,0.6592903125857961,0.5666037918826412,0.45515846165575563,0.09268652070315486,0.0,1.0,0.003626897960186869,1.6631707001782565
