method,N,dt_obs,seed,mean_forecast_rmse,mean_analysis_rmse,median_analysis_rmse,analysis_improvement,r_mae,r_corr,innovation_mean,innovation_variance
fixed,40,0.1,1,3.3799306561348743,3.263701581776459,4.041324428328632,0.11622907435841512,0.4428330901773417,,0.03864609814026805,15.53097449075123
adaptive,40,0.1,1,3.175941794982741,3.0525259121308164,3.7948129635590395,0.12341588285192451,0.4103491367911265,0.2894638358423473,-0.11411245069323912,14.4894344870032
oracle,40,0.1,1,2.91882828112347,2.805749868684385,3.7216659065579303,0.1130784124390849,0.0,1.0,-0.044743966775017144,13.52218613237258
