method,N,dt_obs,seed,mean_forecast_rmse,mean_analysis_rmse,median_analysis_rmse,analysis_improvement,r_mae,r_corr,innovation_mean,innovation_variance
fixed,10,0.1,1,2.301419259725546,2.248983514214254,2.1181053302982042,0.052435745511292264,0.45710320567987917,,0.16590729376398333,8.19486900176483
adaptive,10,0.1,1,2.9314289559479874,2.85492953642496,2.8666079417841495,0.07649941952302752,0.21582998717558416,0.9234156677039258,-0.06875718027103898,12.648165411345744
oracle,10,0.1,1,2.4967076381983038,2.443138278028358,2.815717572660037,0.053569360169945845,0.0,1.0,0.10607925950936041,9.313776590238753
